mag,lat,lng
3.6,-150.6127,60.8328
1.72,-121.2663345,36.6518326
1.35,-95.88366667,36.19783333
1.83000004,-155.483505249023,19.1683330535889
2.38,-66.9275,17.808
3,-97.4806,38.6532
2.08,-66.9545,17.9521666666667
2.1400001,-155.390167236328,19.2430000305176
2.18,-66.8621666666667,17.9778333333333
1.17,-122.8108368,38.8263321
1.21,-122.8043365,38.8330002
1.67,-117.446,34.1381667
1.44,-122.4508362,37.9898338
1.18,-122.8111649,38.8395004
1.81,-115.589,32.8125
1.95,-66.9548333333333,17.9426666666667
1.23,-122.7498322,38.7981682
5,-177.1561,-30.4823
1,-122.7661667,38.8203316
1.03,-122.7633362,38.8195
2.00999999,-155.422836303711,19.2141666412354
1.78,-122.7655029,38.8180008
3.8,-170.0887,52.2532
1.24,-110.3226667,39.4275
2.47,-66.9568333333333,17.9503333333333
2.1,-151.2808,60.986
1.07,-122.8150024,38.8293343
1.4,-148.9189,61.8198
3.6,-156.8853,54.6373
1.58,-110.309,39.4163333
1.61,-121.7764969,37.4463348
5.5,145.8055,-54.1448
1.5,-151.0953,60.1485
1.73,-110.3096667,39.4183333
2.33,-155.386505126953,19.2441673278809
2.27,-155.385833740234,19.2406673431396
2.1,-151.2951,62.5724
3.6,-155.3855,19.245
1.3,-150.0894,63.0466
1.95,-66.8436666666667,17.9396666666667
2.25,-155.390670776367,19.2238330841064
1.03,-116.8641667,34.3375
4,175.1266,-40.2584
1.7,-151.7051,62.9511
1.57,-110.2863333,39.4135
2.1,-118.987,34.0621667
1.7,-152.8228,59.4557
2.23,-67.4098333333333,18.2076666666667
2.06999993,-155.370834350586,19.1933326721191
1.62,-122.8288345,38.8373337
2.56,-155.371337890625,19.2096672058105
1.4,-115.1714,37.3298
4.8,126.5404,26.8735
2.21,-119.5263333,38.5483333
4.3,-66.2242,-22.8813
4.2,70.4874,36.1122
1.2,-149.0425,62.3551
3.1,-174.2791,52.3287
1.90999997,-155.473495483398,19.1561660766602
4.3,-60.2253,14.0303
1.1,-145.7176,62.2363
1.08,-122.7648333,38.7951667
4.4,126.577,26.8194
4.2,-14.4821,70.5717
1.5,-150.8408,63.5196
2.19,-155.432830810547,19.2066669464111
1.4,-149.4056,62.9176
1.4,-148.3864,62.3916
1.78,-67.096,18.0033333333333
1.5,-150.721,61.9722
2.03999996,-155.474334716797,19.1826667785645
2.51,-66.8516666666667,17.9045
1.8,-151.3546,63.0602
1.1,-151.4298,63.4222
1.71000004,-155.498336791992,19.2779998779297
2.22,-66.859,17.9281666666667
2.1,-155.472839355469,19.150333404541
2.06,-154.967666666667,19.6736666666667
1.48,-121.489,40.3648333
1.63,-66.9718333333333,17.8976666666667
1.33,-117.6821667,35.859
1,-118.0089,38.1533
2.1,-151.6046,60.6654
1.85000002,-155.479995727539,19.175500869751
1.91,-66.9975,17.9716666666667
4.3,126.5701,26.8324
0.97,-115.598,32.821
4.1,-71.1156,-19.9643
1.5,-149.6666,62.8839
1.9,-110.3025,39.4198333
1.7,-117.7047,39.6893
1.5,-146.8351,61.2866
1.61,-155.651,19.4886666666667
4.3,126.5675,26.8161
1.95,-67.0285,17.9606666666667
1.2,-150.7022,60.6891
1.43,-155.471833333333,19.1518333333333
1.54,-155.6545,19.4836666666667
1.18,-122.810997,38.8400002
1.83,-119.8403333,35.8518333
1.9,-155.474334716797,19.3658332824707
1.64,-119.8538333,35.8345
4.5,-14.3298,70.6557
1.8,-119.8541667,35.8425
1.4,-146.1806,62.0213
1.71,-155.6545,19.4883333333333
1.07,-122.8576667,38.83
1.02,-121.7928333,37.501
2.41,-123.7551667,40.9171667
1.8,-117.8221,38.1797
3.85,-68.4761,18.1316
2.3,-104.4149247,31.68590477
1.93,-89.773,36.0875
1.9,-152.2431,60.5101
1.3,-152.4456,60.7575
1.5,-143.001,60.5125
2.1,-66.7211666666667,17.9593333333333
1.22,-115.606,32.8103333
1.33,-115.5916667,32.8265
1.35,-115.6006667,32.8118333
1.38,-115.6483333,33.2355
1.32,-115.5995,32.824
1.89,-121.8665,41.5268333
2.09,-155.377502441406,19.2193336486816
1.88,-155.370834350586,19.2134990692139
1.24,-98.73266667,36.48566667
1.1,-147.8595,64.5021
2.1,-152.7907,60.0022
2.76,-155.346664428711,19.1628341674805
2.68,-155.373001098633,19.2193336486816
2.2,-150.2598,61.1601
1.22,-110.3053333,39.4181667
1.4,-119.512,38.5444
1.14,-116.2616667,32.9383333
1.4,-115.6066667,32.7946667
4.6,-74.168,18.7505
1,-149.7285,61.567
1,-153.9965,63.4158
1.38,-115.5985,32.8188333
1.17,-110.2921667,39.4111667
2.01999998,-155.48567199707,19.1889991760254
4.9,-177.9927,-33.5178
2.4,-151.524,59.338
1.84000003,-155.481506347656,19.158332824707
1.8,-148.1435,62.1269
1.74,-110.282,39.4096667
1.23,-119.1403333,34.4331667
1.07,-117.1551667,34.0285
1.33,-122.824,38.8145
1.14,-122.8201675,38.8373337
5.1,-25.7196,-58.9827
4.5,128.6295,24.6133
1,-117.9587,38.1545
2.84,-120.8196667,36.2478333
1.9,-151.7819,61.8666
1.77,-110.3023333,39.4161667
1.5,-151.5637,63.3754
2.53,-66.9275,17.9818333333333
1.26,-176.552666666667,51.903
2.03999996,-155.498992919922,19.183500289917
1,-119.0685,38.2466
1.93,-155.474334716797,19.1666660308838
1.84000003,-155.467666625977,19.1520004272461
4,-14.097,70.6979
1.21,-97.48833333,36.15366667
4,90.4624,50.3391
2.31,-120.8515,36.0205
1.9,-147.4729,60.5335
2.82,-119.0768333,38.2285
1.98000002,-155.388336181641,19.2171669006348
1.9,-147.6591,61.2311
1.8,-147.6938,63.4586
1.62,-118.8151667,37.4783333
0.98,179.533333333333,51.9311666666667
4.5,-178.6557,-21.8783
2.5,-153.4697,59.8872
1.5,-147.4703,64.9838
1.7,-148.2951,60.6894
1.6,-149.9755,61.7773
0.96,-117.2011667,34.0096667
1.45,-110.3125,39.4201667
4.4,-13.8863,70.6625
1.29,-117.2016667,34.0108333
4.7,53.2823,27.2084
5.1,-25.6976,-59.0894
1.63,-110.2928333,39.414
1.09,-115.5991667,33.1916667
1.85000002,-155.369506835938,19.2011661529541
3.2,-159.7597,54.5198
1.3,-119.5156,38.5148
1.84000003,-155.392837524414,19.2198333740234
1.72,-114.992,33.0528333
1.23,-116.5146667,33.5203333
1.18,-116.4773333,33.482
5.2,-177.8991,-30.0916
4.2,-176.762,51.7412
1.52,-116.9486667,32.904
4,-176.6322,51.1878
1.57,-122.1765,38.1151667
1.8,-150.3618,61.6172
1.01,-117.3173333,34.114
2.15,-66.9358333333333,17.9526666666667
1.72,-95.528,35.10016667
1.3,-151.8689,60.6727
1.49,-118.3251667,35.0453333
1.6,-120.6045,36.0323333
1.79,-123.01416666666667,44.0365
1.3,178.3891,52.0051
3.3,-128.835,44.1203
1.61,-110.3101667,39.4171667
0.96,-122.8526688,38.8288345
2.87,178.3565,52.0791666666667
1.27,-118.1951667,34.998
1.21,-110.3168333,39.4225
1.69,-97.24266667,34.5235
3.18,-155.378833333333,19.2386666666667
1.28,-118.9516667,34.867
4.3,133.8914,-19.7471
4.4,143.177,37.0717
0.95,-121.3075,36.6666667
1.9,-140.0032,60.3803
1.86,-95.53116667,35.09966667
4.9,-73.0095,6.8116
2.81,-119.074,38.2331667
5.3,125.7467,2.7495
4.6,122.9961,24.1534
3.9,-176.5921,50.8878
5.4,-102.8049,-35.9025
1.3,-119.503,38.5054
1.56,-96.85083333,34.38266667
2.5,-162.988,65.3005
4.9,130.5771,-5.9336
1.4,-150.4328,62.0526
4.5,154.0845,48.4642
4.1,-74.1171,18.8198
4.8,137.2732,37.5193
1.86,-110.2858333,39.412
2.7,-102.0785299,32.42706299
2,-97.70283333,34.96183333
3.34,-65.0133333333333,18.9413333333333
0.95,-116.8506667,34.2063333
1.1,-117.8049,38.1769
1.8,-151.4727,59.8801
1.48,-121.136,35.6948333
1.12,-122.8166656,38.8356667
3.54,-119.08,38.2258333
1.4,-151.6551,60.4816
1.6,-149.6251,63.4645
1.45,-117.5511667,35.7436667
1.48,-116.7226667,33.949
1.18,-122.8099976,38.8344994
1.6,-97.62716667,34.6645
2.07,-155.369171142578,19.2236671447754
1.1,-118.0268,38.1317
2.69,-155.368,19.2321666666667
1.19,-119.3111667,34.4146667
1.54,-110.306,39.4206667
1.7,-122.7215,38.7796667
1.14,-119.294,34.4181667
1.86,-122.2895,38.5666667
1.8,-151.3443,63.1171
1.2,-147.3742,61.4437
4.8,101.4456,37.7354
1.23,-97.75466667,34.8885
1.12,-116.4835,33.4635
1.9,-153.1233,59.3878
2.32,-66.9456666666667,18.0743333333333
2.53,-155.475666666667,19.1545
2.28,-155.414169311523,19.2141666412354
1.28,-117.4813333,35.6905
2.15,-66.8423333333333,17.9733333333333
2.9,-102.3368426,31.94641113
2.74,-66.8578333333333,17.9015
1.7,-149.6592,61.7768
1.1,-149.0838,64.8626
1.87,-155.347503662109,19.3336658477783
1.77,-111.488,42.587
1.2,-117.7913,38.9284
1.99000001,-155.494338989258,19.1685009002686
2.22,-155.481170654297,19.1771659851074
1.7,-145.4967,61.296
1.05,-122.8143311,38.8306656
1.1,-149.0038,64.6724
1.3,-117.934,38.1604
2.08,178.336333333333,52.0621666666667
1.83000004,-155.404830932617,19.2348327636719
4.9,144.4153,42.0785
1.09,-117.6376667,36.0773333
2.1,-153.1789,59.7134
1.6,-149.6684,61.7951
2.43,-66.2023333333333,18.3433333333333
1.8,-151.8121,62.8075
2.15,-122.8141667,38.8298333
1.59,-117.5941667,35.7771667
1.38,-121.8271667,37.4968333
1.6,-120.057,35.8958333
1.4,-151.4928,62.5928
1.53,-155.486,19.144
2.41,-155.406494140625,19.2434997558594
1.55,-121.5185,40.4726667
1.91,-119.6715,33.973
2.02,-90.4011667,37.3711667
1.3,-150.6864,61.1522
2.33,-155.393829345703,19.2278327941895
3.33,-155.476333333333,19.1628333333333
1.95,-122.5945,45.036833333333334
2.06,-67.0011666666667,17.956
1.5,-148.1254,62.1865
1.4,-149.8017,61.8155
2.18,-155.46516418457,19.1665000915527
1.8,-151.1137,61.8915
1.34,-89.514,36.2923333
1.17,-97.79,36.84983333
2.72,-66.8076666666667,17.9808333333333
1.8,-147.3354,65.9159
4.4,116.5855,-8.2488
3.34,-155.514,19.1843333333333
2.03,178.308,52.0431666666667
1.41,-155.3745,19.1981666666667
1.04,-95.54283333,35.114
6.1,-178.4313,-20.3797
1.1,-121.8421667,37.4923333
1.02,-122.7815018,38.8051682
1.23,-122.8153333,38.8301667
3.17,-67.508,17.8898333333333
1.04,-117.4751667,34.2245
2.36,-155.474670410156,19.1784992218018
1.6,-149.3353,62.8917
1.5,-117.7759,38.1862
3.1,-104.4121362,31.67535254
1.14,-122.1991667,37.8776667
1.08,-122.805336,38.8199997
2.36,-122.7788333,38.804
1.12,-122.0365,37.8346667
2.31,-155.406829833984,19.2216663360596
2.5,-66.8411666666667,17.9725
1.2,-150.9061,63.1602
4.5,122.3745,-8.0046
1.6,-117.4883333,35.6605
1.8,-118.0812,37.8808
2.19,-155.421493530273,19.2098331451416
2.8,-126.3753,40.4037
1.6,-144.0461,61.5217
3.71,-68.4938,18.9825
2.06999993,-155.394668579102,19.1928329467773
1.5,-117.5822,37.2848
1.5,-147.5514,60.7662
1.86000001,-155.459671020508,19.2131671905518
1.69,-155.426166666667,19.2298333333333
2.3,-111.8491667,44.6913333
3.1,-140.2424,60.9718
1.5,-151.5182,63.088
5,66.1569,-13.7855
4.2,-72.603,-15.3699
1.4,-147.1359,62.0393
4.4,20.4665,40.7766
2.31,-155.410827636719,19.2224998474121
2.23000002,-155.387832641602,19.2423324584961
4.4,142.2513,37.9771
2.21,-66.9403333333333,18.0265
1.89,-176.54,51.8946666666667
1.80999994,-155.429672241211,19.2606658935547
1.27,-120.63683333333333,46.8455
2.01,-155.5975,19.4331666666667
1.6,-149.3872,61.8612
1.9,-150.3933,63.1979
1.24,-117.2128333,34.0035
1.2,-147.991,65.3515
4.4,100.2288,51.2856
1.4,-151.5238,62.0002
2.02999997,-155.494827270508,19.1491661071777
2.7,-104.331,31.6702
1.28,-116.601,33.437
2.12,-155.452333333333,19.1961666666667
1.71,-154.985000610352,19.412166595459
1.5,-149.78,61.796
1.6,-147.4683,65.3175
4.8,-134.4768,70.3862
4.3,127.4568,4.9691
1.32,178.380333333333,52.039
4.4,70.2539,36.4389
2.24,-155.488830566406,19.1749992370605
1.12,-122.7968369,38.8191681
1.8,-68.123,46.7148
3,-165.9049,54.0667
1.77999997,-155.373336791992,19.1401672363281
1,-151.374,61.0364
1.9,-118.8178333,34.5645
1.18,-113.7148333,47.3788333
1.47,-122.7683333,38.7865
6,-24.8859,-58.7354
1.1,-122.7098312,38.7683334
1.12,-122.711998,38.770668
1.4,178.337,52.0475
4.1,-67.2942,-24.3084
1.87,-116.7185,33.7055
1.24,-122.712,38.7705
1.80999994,-155.468170166016,19.1585006713867
1.9,-149.7962,61.5941
2.16,-66.878,17.9163333333333
1.4,-150.8619,63.5972
2.03,-155.642666666667,19.4938333333333
1.74,-117.4855,35.6615
1.17,-117.2135,34.0178333
2.03,-118.4841667,37.6368333
1.87,-155.503997802734,19.1823329925537
1.5,-119.4394,38.5416
0.95,-117.5878333,35.7715
1.6,-151.2458,62.8622
4.1,-66.9608,-23.1239
1.62,-121.8708333,37.4933333
2.6,-153.1856,59.7535
2.16,-117.5881667,35.7676667
1.25,-117.628,35.2191667
4.15,-64.7268,19.6006
1.6,-117.5789,37.279
1.77,-97.8455,36.1005
1.8,-66.9403333333333,17.9933333333333
1.12,-117.7131667,35.9223333
1.51,-116.7176667,33.7046667
1.83,-155.007827758789,19.3438339233398
2.38,178.334833333333,52.0503333333333
1.24,178.401833333333,52.0396666666667
2.49,178.294,52.0158333333333
1.9,-152.6071,59.8633
1.2,-148.2069,61.5318
2.3,-145.4383,63.349
1.89,-66.7905,18.0321666666667
1.13,-116.7161667,33.7051667
2.17,-66.8023333333333,17.998
1.1,-149.5303,62.3358
1,-116.7186667,33.7111667
1.5,-150.5923,60.2432
2.29,-66.7538333333333,18.0148333333333
1.5,-147.3061,63.3983
4,-71.672,-15.9071
2,-155.384170532227,19.1986675262451
1.52,178.329,51.9601666666667
1.4,-150.9311,60.8113
1.2,-118.4505,38.0524
1.82,-115.2028333,44.452
1.1,-148.4158,66.0333
2.4,-151.5345,62.5848
1.5,-150.7481,62.6913
1.59,-97.74966667,34.87483333
1.70000005,-155.400329589844,19.1918334960938
1.25,-118.8166667,34.5633333
4.4,120.6695,-7.9437
1.05,-97.729,34.8855
3.9,-151.2083,62.1566
1.8,-121.3396667,40.205
3.02,-155.490333333333,19.1618333333333
2.22,-66.8683333333333,17.9261666666667
2.15,-98.2945,36.23833333
1.99000001,-155.387496948242,19.2111663818359
2.05,-122.8676667,38.8283333
1.6,-144.506,63.1406
1.57,-116.9381667,33.965
1.1,-110.9463333,44.4783333
1.83000004,-155.476501464844,19.1586666107178
5.5,-68.8277,-28.5653
1.4,-149.7257,64.6209
1.71,-115.1823333,44.4325
4.6,29.8224,-0.1512
1.6,-146.5092,61.7362
1.8,-147.3022,63.4122
0.97,-122.7941666,38.8195
1.46,-115.5741667,33.2236667
1.28,-116.7541667,33.8193333
1.19,-116.7531667,33.8223333
2.2,-66.8975,17.9205
2.23,-66.866,18.1546666666667
1.06,-117.1586667,34.0286667
1.79,-118.8428333,37.4945
1.1,-122.817337,38.8330002
1.47,-122.8045,38.8336667
5.1,-179.4665,-30.8988
1.90999997,-155.499328613281,19.1685009002686
2.45,-155.962666666667,19.5815
1.68,-122.804,38.8328333
1.39,-112.4426667,38.0871667
1.89999998,-155.414337158203,19.2369995117188
1.6,-177.4664,51.8535
1.4,-146.134,61.5581
1.51,-117.1565,34.0235
2.33999991,-155.504669189453,19.1791667938232
1.03,-116.8231667,33.7143333
1.1,-116.8263333,33.7155
4.5,167.4907,-45.0699
2.04,-66.9431666666667,17.952
1.08,-116.9005,33.3246667
1.5,-149.7529,64.6237
1.03,-110.2601667,44.6141667
2.7,-155.8532,56.5571
2.29,-66.9583333333333,17.9481666666667
1.3,-150.3192,63.0246
2.14,-122.744,38.7818333
2.69,-122.745,38.7798333
1.49,-174.253,52.0465
1.6,-151.5716,61.4448
1.76999998,-155.40299987793,19.2436676025391
0.95,-122.8103333,38.838665
4.5,122.2398,24.843
0.97,-117.5646667,36.027
5.5,-95.0836,16.9706
2.9,-104.4148741,31.68038997
2.16,-118.3205,34.3695
1.19,-122.855835,38.8230019
1.86,-66.9476666666667,17.9741666666667
1.95,-117.4856667,34.206
1.63,-119.2986667,37.385
5,-176.3623,-22.5851
4.7,-29.1677,40.6814
4,-69.041,-21.3949
1.6,-152.497,59.392
2.09,-67.0195,17.9516666666667
1.90999997,-155.475997924805,19.167667388916
1.1,-67.2579,44.641
2.8,-152.089,62.1441
1.59,-122.8165,38.8066667
5.1,130.1198,28.0138
2.06,-66.91,17.9616666666667
1.54,-121.296,35.774
1.76,-117.639,35.8331667
1.08,-95.5285,35.11066667
1.4,-147.2949,64.9172
1.4,-147.9671,65.2343
1.22,-117.4588333,35.6386667
1.19,-122.8563309,38.8260002
1.41,-122.8545,38.827
1.85000002,-155.476669311523,19.1548328399658
1.7,-122.8546667,38.827
1,-112.0663333,41.676
2.12,-66.8975,17.9456666666667
2,-149.4711,63.2665
1.18,-116.2488333,34.7113333
1.84,-121.0718333,36.4958333
2.24000001,-155.481170654297,19.1453342437744
4.8,126.0575,3.5839
1.13,-122.7105026,38.7683334
3,-155.3058,55.4716
1.09,-116.7878333,33.6838333
0.99,-122.793335,38.8073349
1.23,-117.5621667,36.03
5,-173.7901,-21.6167
1.31,-121.0631667,36.6188333
2.04999995,-155.470169067383,19.1916675567627
1.2,-118.3758,38.2474
1.5,-145.4025,63.3545
1.8,-121.6885,37.5255
1.25,-117.5963333,35.7811667
1.85,-119.019,34.1155
3.8,138.8724,-35.0915
2,-151.3892,62.6356
2.55,-66.8876666666667,18.0091666666667
1.84000003,-155.474670410156,19.1648330688477
4.5,-174.2584,-16.8919
1.1,-121.1215,36.6221667
1.54,-89.4793333,36.2705
1.93,178.452166666667,52.0575
4.5,145.0394,13.8269
1.53,-177.4745,51.8583333333333
1.02,-117.1561667,34.0236667
1.47,-117.156,34.0253333
1.99,-66.7561666666667,18.14
1.18,-117.1576667,34.0336667
3.44,178.2805,51.9811666666667
1.12,-98.73566667,36.478
1.44,-117.1558333,34.0268333
2,-150.794,62.9904
1.86,-67.014,17.9765
1.8,-151.1158,62.561
4.2,-66.8189,-22.8227
1.01,-122.19066666666667,46.19716666666667
2.4,-159.6537,54.4625
1.15,-116.3848333,33.3455
3.74,-65.5498,19.5378
1.90999997,-155.472671508789,19.1838340759277
1.9,-153.012,60.1362
1.54,-117.119,34.3101667
2.1,-150.7965,60.5176
1.08,-122.7448349,38.7791672
1.7,-148.7396,64.824
1.24,-97.20016667,35.99266667
2.02,-155.592834472656,19.406665802002
1.1,-116.5498333,33.9783333
1.13,-122.7963333,38.8158333
1.6,-147.2911,63.5865
2.3,-155.470169067383,19.179666519165
2,-117.6103,39.2143
2,-153.5155,59.3858
2.9,-115.0848,44.2391
1.6,-152.7378,63.5073
1.3,-150.5984,63.2108
2.6,-115.0934,44.2717
4.8,127.1281,1.368
1.6,-151.2099,61.5862
3.22,-121.1181667,36.5286667
0.97,-122.8291667,38.8115
4.09,-65.1033,19.0103
2.24,-67.2451666666667,18.1388333333333
4.5,101.6785,22.3188
1.1,-117.8823,38.1836
5.1,99.0195,2.6736
1.8,-145.35,63.332
1.1,-118.9326667,34.8373333
1.8,-149.7105,60.6053
1.05,-117.6515,33.8048333
1.57,-66.997,17.9425
1.21,-122.7996667,38.826
1.89999998,-155.433334350586,19.2418327331543
2.3,-66.8386666666667,17.9618333333333
1,-117.8742,38.1618
1.1,-117.8925,38.1625
1.79,-66.8835,17.8916666666667
5.5,95.0557,4.6572
2.02,-115.0788333,44.1928333
1.88,-67.0008333333333,17.9493333333333
1.7,-152.3339,59.7911
2.03,-115.0835,44.1983333
1.34,-117.1576667,34.0291667
1.5,-149.8765,61.5444
1.56,-118.3928333,35.5148333
1.02,-121.3801667,36.721
1.17,-112.21,38.5515
1.04,-117.1593333,34.0281667
2.16,-66.8166666666667,17.9186666666667
3.27,-118.384,35.5136667
2.21,-66.8621666666667,17.9766666666667
2.53,-120.6948333,36.527
1.38,-117.1561667,34.0293333
2.2,-141.0164,61.5656
1.82000005,-155.480499267578,19.19700050354
1.45,-117.157,34.0268333
1.9,-150.645,63.3052
1.67,-117.8716667,36.1208333
1.3,-150.2186,63.177
1.95,-115.5308333,32.6935
1.6,-115.5328333,32.7018333
4.4,-178.1984,-18.0148
0.97,-117.1545,34.0273333
3.02,-155.524,19.198
2.16,-66.8948333333333,17.9268333333333
2.55,-66.8341666666667,18.0081666666667
2.13000011,-155.47233581543,19.1625003814697
1.04,-116.7391667,33.828
1.1,-117.1581667,34.0286667
1.25,-117.1573333,34.0283333
1.21,-116.7408333,33.8301667
2.1,-152.2718,60.2358
1.8,-147.0658,63.5198
2.1,-174.8158,51.5737
5.1,-74.1236,-10.56
1.85000002,-155.51432800293,19.1900005340576
1.2,-150.7121,61.9707
2.1,-143.552,62.8831
1.05,-117.1561667,34.0253333
1.25,-116.3366667,33.2645
1.6,-117.9106,38.1569
2.1099999,-155.378326416016,19.1446666717529
2.9,-148.9435,63.4768
1.5,-117.5816,37.2735
1.3,-117.6548333,33.8065
1.4,-121.0215,36.4205
1.3,-118.4316,38.0642
1.3,-150.347,62.9522
2.04999995,-155.473999023438,19.1593341827393
1.62,-121.1333333,35.6933333
1.52,-116.9361667,33.9516667
1.88,-110.3323333,43.1655
2.1,-149.7363,62.2999
1.08,-117.7278333,35.9165
1.1,-118.3606,38.2378
1.16,-176.5995,51.8808333333333
2,-153.9754,59.5634
1.65,-118.8215,34.5523333
5,-23.7089,-58.4502
1.29,-95.52383333,35.09983333
1.99,-115.2265,44.3731667
1.9,-118.3565,38.2558
1.52,-122.7773333,38.7915
2.23,-122.782,38.7931667
1.13,-118.1756667,35.4851667
1.21,-122.8016667,38.8263333
3.3,-104.3210536,31.6625934
1.48,-122.8568333,38.8203333
4.3,-179.9245,-25.2208
1.7,-149.3666,62.4363
4.8,57.2381,-32.8494
2.28,-66.8273333333333,17.9288333333333
1.8,-151.6572,60.125
1.56,-89.5455,36.2976667
1.15,-122.8121643,38.8133316
1.01,-122.8125,38.8144989
1.89,-97.74716667,34.87766667
1,-122.8134995,38.8278351
1,-122.7853317,38.8233337
1,-112.653,41.8338333
4.3,-104.3132288,31.66011153
2,-140.7512,60.185
5.7,-66.0707,-22.4729
3.6,-140.6656,60.0882
1.5,-140.3623,61.1509
1.8,-151.2013,62.2814
2,178.335333333333,52.055
1.80999994,-155.393997192383,19.2153339385986
4.4,34.1719,67.6329
1.24,-112.5928333,45.3125
1.4,-147.2899,64.9242
0.97,-122.7658333,38.8191667
0.95,-122.7643356,38.8183327
4.7,130.6093,-6.9482
1.3,-150.7555,65.8178
1.03,-116.8628333,34.034
1.12,-117.0741667,33.9648333
0.97,-116.372,33.3716667
1.66,-121.063,36.611
1.82,-121.0676667,36.6125
1.94000006,-155.451507568359,19.2110004425049
1.6,-147.508,63.4584
0.97,-116.7796667,33.7236667
2.4,-72.3886,42.581
2.59,-155.511333333333,19.1785
2.02,-122.719,38.7721667
2.44,-66.7551666666667,18.0201666666667
5.1,143.7213,39.6081
1.19,-121.93333333333334,48.111333333333334
1.51,-155.401333333333,19.1901666666667
1.47,178.3785,52.0713333333333
1.98,-121.1131667,36.5288333
1.28,-122.7166667,38.76
1.13,-122.8154984,38.8338318
1.2,-120.3075,35.5701667
1.4,-149.6345,62.3602
4.4,15.6533,38.6187
1.69,-122.31016666666666,49.45166666666667
2.37,-66.8488333333333,17.9613333333333
4.7,143.516,39.6381
1.83000004,-155.483001708984,19.183666229248
2.8,-174.4662,52.01
2.13000011,-155.487167358398,19.1878337860107
1.5,-144.4542,63.1005
1.33,-96.521,35.995
4.3,123.5505,-8.473
1.46,-122.17533333333333,49.326
2.4,-67.025,17.9978333333333
2.38,-155.465835571289,19.175666809082
1.55,-116.0491667,33.0711667
1,-150.7789,61.7738
1.27,-89.5588333,36.6286667
1.03,-120.246,35.6945
1.17,-122.2315,46.9625
1.88,-110.3113333,39.4246667
1.86,-114.989,33.056
1.23,-121.9576667,37.9178333
1.03,-117.48,33.8241667
1.1,-151.3604,63.1326
1.37,-122.7473333,38.7941667
1.28,-118.8758333,37.5
1.12,-117.0381667,34.0388333
1.3,-151.9841,61.4138
1.94,-118.8593333,37.6413333
1,-122.8043365,38.8193321
1.72,-117.4978333,33.8491667
2.12,-117.0356667,34.0363333
1.71,-120.36183333333334,46.99366666666667
4.4,50.1885,32.0947
1.6,-152.0591,60.3166
1.17,-112.0495,45.2926667
1.4,-140.5173,61.1649
1.96,-155.457000732422,19.1831665039062
2.1500001,-155.482330322266,19.1868324279785
2.09,-122.4141667,38.7613333
1.64,178.268333333333,52.0265
5,-25.7697,-57.4719
2.8,-149.8382,62.6269
1.13,-117.4586667,34.1253333
1.78,-80.7381667,34.1481667
1.09,-122.7913361,38.8339996
1.86,-155.460006713867,19.3801670074463
1.9,-149.9091,61.4867
1.01,-112.1746667,41.5106667
1.97,-66.8758333333333,17.9033333333333
1.15,-177.799833333333,51.8611666666667
1.72,-155.405838012695,19.2441673278809
1.12,-122.819664,38.8351669
1.01,-122.123,43.948166666666665
4.9,128.4873,-7.3847
1.2,-110.3145,39.4225
1.84000003,-155.425506591797,19.1333332061768
1.06,-117.1168333,34.0501667
1.03,-112.506,46.8995
3.71,-65.001,19.1323
2.33,-155.421493530273,19.1473331451416
1.3,-151.4672,63.0927
2.37,-115.1955,44.3278333
2.52,-66.933,17.951
4.3,105.2728,-7.2144
1.88999999,-155.408340454102,19.1898326873779
2.8,178.3307,52.0422
1.64,-155.6085,19.469
1.03,-122.817337,38.8330002
1,-121.829,37.5208333
2.1,-96.74766667,35.54283333
1.23,-113.3461667,46.4358333
1.05,-118.8105,37.468
1.9,-150.9106,62.9489
1.73000002,-155.468505859375,19.1630001068115
1.6,-122.8066667,38.836
2.25,-66.8186666666667,18.0438333333333
1.4,-89.5208333,36.4141667
4.4,53.2459,27.1745
2.0300000000000002,-124.05333333333333,44.77
2.34,-155.410995483398,19.2378330230713
2.2,-155.420669555664,19.2448329925537
2.9,-115.2928,38.0772
1.14,-66.8363333333333,17.9835
3.1,-174.0767,52.483
2.17,-174.144,52.3926666666667
3.07,-155.476166666667,19.1601666666667
4.3,124.7809,2.0587
1.88,-155.456832885742,19.175666809082
1.09,-67.0688333333333,17.9816666666667
3.1,-104.0066693,31.59719319
4.4,-71.6968,-29.5079
1.71000004,-155.415161132812,19.2051658630371
1.4,-152.5332,63.4863
5.4,150.7244,-5.305
1.1,-146.6433,64.6982
4.6,96.6081,0.0344
4.3,119.1894,-9.3125
2.1099999,-155.399337768555,19.1988334655762
1.69,-66.8415,17.8035
1.9,-153.0926,59.1338
2.02,-67.0173333333333,17.9463333333333
1.5,-121.0958333,36.541
1.4,-148.6322,63.8643
1.61,-115.5421667,33.8475
1.5,-150.2011,61.2311
2,-150.6083,63.2346
1.9,-149.621,62.5519
1.19,-122.2535,37.8746667
2.29,-155.398834228516,19.2423324584961
4.2,129.1661,-7.0835
4.3,-77.8781,5.6396
1.07,-122.8280029,38.8398323
4.2,177.3249,51.6246
1.3,-149.4365,64.5714
5,-175.9766,-27.0552
2.58,-67.1171666666667,17.9285
1.06,-117.6695,35.8676667
2.54,-66.7451666666667,18.011
1.03,-117.669,35.8666667
1.32,-112.9655,46.954
1.13,-122.8081665,38.8223343
4.6,81.9193,33.6666
1.04,-122.7406693,38.8083344
2.05,-122.0235,37.9738333
0.99,-122.7683334,38.7869987
1.45,-121.4006667,36.742
1.15,-122.7271652,38.7845001
1.57,-66.9933333333333,17.9558333333333
1.22,-118.2991667,35.5243333
2.14,-118.7801667,37.5198333
1.76,-179.0825,51.4456666666667
2.88,-155.421,19.2003333333333
5,-175.9215,-27.0801
1.3,-150.8624,61.8374
5.1,-175.9624,-27.2215
1.78999996,-155.436828613281,19.1856670379639
2.35,-66.8175,17.9348333333333
2.29,-163.562666666667,54.658
1,-112.7308333,47.4383333
2.27999997,-155.501007080078,19.1798324584961
1.19,178.312,52.045
2.25,-155.574,19.8005
2.13000011,-155.473007202148,19.1660003662109
1.35,-116.4286667,33.4158333
1.18,-116.5526667,33.1245
1.9,-152.8739,59.4829
1.15,-116.446,34.3066667
1.45,-117.4755,35.6685
1.6,-150.5959,60.8461
1.19,-122.8554993,38.8271675
2.54,-67.0846666666667,17.9533333333333
1.4,-150.389,63.2236
0.99,-122.7584991,38.7949982
1.6,-151.3199,62.4291
3.1,-115.2854,38.0896
2.2,-150.791,63.085
0.98,-116.8971667,33.51
1.9,-148.1093,65.3866
2.37,-66.9361666666667,17.9495
4.01,-68.725,18.561
0.95,-110.7421667,43.5121667
1.75,-114.676,44.2651667
1.2,-152.3104,61.3013
2.04,-67.0781666666667,17.9378333333333
1.44,-121.551,45.86416666666667
2.15,-66.955,17.891
2.07,-67.0303333333333,17.9865
1.26,-116.7213333,33.6953333
2.37,-66.928,17.9428333333333
1.98,-66.7463333333333,17.9521666666667
1.8,-110.2828333,39.4123333
1.26,-121.1246667,36.5445
3.3,-66.6386666666667,18.8831666666667
3.7,26.4407,-26.8162
1.24,-117.7053333,35.985
1.89,-110.313,39.4225
2.82,-114.9261667,32.0253333
2.04,-66.9848333333333,18.037
2.14,-110.3036667,39.4146667
4.3,27.3628,-5.6938
1.78,-118.0626667,36.1328333
1.38,-117.487,33.8465
1.56,-110.3156667,39.4231667
1.1,-153.0629,60.0729
1.61,-122.39,47.37133333333333
1.3,-115.9953333,32.8608333
1.3,-123.38966666666667,48.48733333333333
2,-151.3665,60.7583
1.73,-110.2971667,39.4145
1.67,-120.0945,36.315
5.1,-70.1823,-17.0199
2.1,-146.6429,61.4535
1.9,-148.3016,62.4213
1.07,-122.7160034,38.7576675
1.6,-149.9073,65.4501
1.95,-115.1668333,44.3516667
2,-110.3068333,39.4175
4.3,-91.1075,13.7799
2.06,-67.0638333333333,17.9413333333333
1.76,-110.3048333,39.4158333
4.3,-68.9829,-20.5776
2.45,178.285333333333,52.0101666666667
1.4,-116.8848333,34.3413333
1.57,-155.467833333333,19.2193333333333
2.14,-155.470169067383,19.1801662445068
1.09,-121.3545,36.7085
2.71,-155.3975,19.2176666666667
1.6,-150.8963,62.8721
1.17,-97.51816667,36.28816667
1.49,-117.6066667,35.7938333
1.8,-153.1498,59.6197
4.2,-177.5766,-18.6423
1.1,-117.527,35.6938333
5.1,68.6665,-5.2801
2.73,-155.2385,19.3593333333333
1.6,-155.485833333333,19.1276666666667
1.73,-121.1518333,36.5598333
1.75,-110.306,39.4225
2.7,-65.8951666666667,19.0808333333333
1.43,-66.939,17.942
1.51,-67.1566666666667,18.1313333333333
1.4,-153.1778,59.7867
1.6,-150.9794,61.0233
1.12,-110.4501667,44.285
2.6,-115.2057,44.3385
1.9,-66.569,47.0125
1,-117.8276,38.1695
1.7,-150.4668,63.2215
4.7,141.7351,30.7229
3.3,-168.1827,52.3599
5.7,-95.4592,18.1759
1.6,-110.3108333,39.4188333
1.2,-151.7744,62.0445
2.1,-152.1878,59.8954
1.73,-115.1255,44.2901667
2.28,-66.8611666666667,17.8913333333333
1.03,-122.7285,38.753
4.9,70.5643,36.1421
1.53,-122.7291667,38.7538333
1.6,-149.331,62.5618
1.17,-122.7626648,38.7868347
1.18,-119.3141667,34.4231667
5.1,-177.8946,-30.0394
1.56,-110.4488333,44.289
1.61,-66.9003333333333,18.0476666666667
1.6,-150.6223,61.3843
1.19,-110.448,44.287
1.8,-151.2432,60.4837
1.14,-112.8505,37.8433333
0.99,-122.7815018,38.7938347
1.1,-150.7299,63.5866
1.87,-155.431167602539,19.201000213623
1.6,-152.8721,60.1373
1.32,-117.2455,34.036
2.74,-67.0811666666667,17.8556666666667
2.16,-119.5441667,38.5296667
1.8,-151.3934,59.418
2.3,-147.7774,62.65
4.9,-176.8208,-30.1658
3.75,-64.753,19.0873
1.84,-119.8565,34.4611667
1.92,-112.2353333,38.2326667
1.06,-122.7605,38.7896667
1.16,-122.7874985,38.8153343
1.2,-177.838333333333,51.8638333333333
1.15,-122.8014984,38.784832
1.17,-122.7703323,38.8061676
1.21,-122.779,38.7948333
1.28,-122.7648333,38.7913333
2.2,-122.7646667,38.7916667
1.24,-122.7805,38.7938333
1.46,-122.7805,38.8023333
3.78,-122.7581667,38.7805
4.9,-87.7538,12.3391
1.04,-123.0998333,39.4328333
1.72,-122.8928333,39.4076667
1.33,-117.9843333,34.2661667
2.3,-66.8568333333333,17.9661666666667
1.83000004,-155.400665283203,19.2374992370605
2.35,-118.291,37.2398333
1.1,-140.3718,61.1725
2.62,-66.7558333333333,18.0093333333333
1.59,-121.3488333,37.361
2.3,-152.5266,59.0857
1.04,-116.8681667,34.0368333
1.45,-115.6178333,33.1458333
4.8,-67.5252,-27.3809
1.25,-98.73333333,36.48583333
1.43,178.330333333333,52.0405
1.09,-117.6636667,35.8685
1.19,-121.0553333,36.4801667
4.3,95.0158,29.9102
2.98,178.242,51.9198333333333
1.18,-116.8765,33.3785
2.01999998,-155.475997924805,19.1679992675781
1.79,-110.2765,39.4141667
3.51,178.244833333333,51.9713333333333
2.7,-126.3114,41.4672
1.93,-84.4858333,35.2576667
1.81,-98.25983333,36.67533333
4.3,120.6881,15.608
1.8,-152.0662,59.5
5,-78.5575,9.9735
2.26,178.281833333333,51.9981666666667
2.1,-151.4096,63.0986
1.6,-149.9106,61.4994
1.23,-97.51333333,36.28966667
1.55,-110.3115,39.4253333
3.2,-67.2355,18.6178333333333
1.85000002,-155.373840332031,19.2205009460449
1.44,-121.5143333,36.7951667
1.3,-150.5864,63.2742
4.03,-64.8691,19.425
4.5,99.9982,0.0543
2.23,-155.664166666667,19.4891666666667
1.09,-121.3736667,36.7243333
1.49,-123.5931667,39.1585
1.13,-97.582,34.99483333
2.42,-67.0673333333333,17.9643333333333
1.1,-146.9783,64.6963
1.68,-155.432833333333,19.1766666666667
1,-119.5284,38.5495
2.25,-155.428665161133,19.2271671295166
1,-119.5222,38.5503
1.99000001,-155.472839355469,19.2116661071777
2.16,-67.0028333333333,17.9341666666667
2.51,-115.2151667,44.4518333
1.95,-67.0041666666667,17.9531666666667
1.6,-150.1184,61.3726
2.1,-151.4889,62.4646
1.49,-98.7915,36.44616667
1.27,-122.8166667,38.8155
4.6,-70.4741,-33.5158
4.4,129.2461,-6.9689
4.3,-62.2222,11.2353
4.6,126.6332,26.8407
1.51,-98.79083333,36.44733333
1.75,-155.489501953125,19.1634998321533
1.74,-110.3126667,39.4198333
4.7,160.4792,53.3488
4.6,123.6236,0.0016
1.02,-96.66716667,34.797
1.01,-118.5893333,37.4018333
1.22,-116.5453333,34.4146667
3.84,-64.6243,19.2675
2.8,-103.8497775,31.99610752
0.97,-118.8408333,37.4675
1.4,-141.724,59.9559
1.16,-177.789666666667,51.9075
1.05,-117.9223333,36.1491667
2.24,-155.236166666667,19.699
1.53,-84.2393333,35.4786667
1.52,-110.3083333,39.4193333
4.3,-104.7606,15.4553
2.4000001,-155.486663818359,19.1714992523193
0.97,-122.7908325,38.8063316
1.91,-110.3135,39.4218333
2.33,-66.7443333333333,17.9373333333333
1.79,-110.3065,39.4181667
1.3,-139.9714,61.0691
5,-83.1799,-42.6203
1.25,-118.7725,37.5161667
0.98,-110.3231667,39.4248333
1.2,-148.4496,63.1772
1.6,-147.5026,60.5511
1.52,-116.454,48.1671667
1.3,-118.9008,38.3682
2.23,-119.5325,38.5403333
1.5,-119.5312,38.5201
1.8,-148.8075,64.0356
1.7,-151.864,61.6258
2.04,-117.6656667,35.0428333
1.44,-122.46033333333334,45.812666666666665
4.6,-176.0282,-20.055
1.1,-112.2016667,38.5525
5,131.4612,-0.6056
1.07,-117.462,34.1631667
1.9,-149.1187,61.9065
1.59,-115.0023333,33.0633333
1.3,-145.3158,63.3132
4.9,146.3381,-3.396
2.73,-115.5431667,33.8533333
5.5,152.2002,-4.9103
1.92,-110.3083333,39.4246667
1.56,-121.93616666666667,48.087666666666664
1.58,-110.459,44.6648333
2.08,-120.51533333333333,49.391
1.47,-122.8235,38.8381667
1.5,-149.4928,61.2805
2.3,-151.39,62.0638
1.33,-98.73283333,36.48283333
1,-152.0004,62.7173
1.99,-110.4613333,44.665
1.49,-122.725,38.764
1.49,-112.238,38.5546667
1.3,-146.7523,61.3805
3.01,-156.271,19.858
1.79,-176.587833333333,51.8855
1.85000002,-155.394836425781,19.1991672515869
4.3,-82.7812,-42.5595
3.15,-155.506833333333,19.174
2.3499999,-155.396331787109,19.2051658630371
5.4,-16.9871,0.1599
2.98,-66.6298333333333,18.4871666666667
1.84000003,-155.375671386719,19.1571674346924
3,39.4532,43.6332
1.63,-121.993,37.8383333
4.3,126.4352,26.7651
1.77,-110.3046667,39.4213333
4.4,130.6508,-6.7031
4,-71.8878,-32.2615
4.5,135.5213,-3.6867
1.3,-150.5888,64.1223
2.83,-119.4486667,38.5778333
4.3,126.5331,27.0071
1.6,-149.9452,60.7182
1.43,-155.415,19.1925
2.2,-121.1331667,35.6941667
4.3,-178.1777,-17.9715
1.64,-67.0145,17.9465
1.26,-116.316,34.0366667
1.78,-110.3131667,39.4225
1.11,-109.7533333,44.6453333
1.4,-117.8359,38.163
1.87,-110.3151667,39.4223333
1.54,-155.440166666667,19.1391666666667
1.49,-115.5853333,33.0618333
1.06,-115.5298333,32.9333333
5.1,-177.9131,-29.9863
1.72,-155.449005126953,18.950834274292
1.08,-122.8054962,38.8408318
1.46,-117.5741667,35.6278333
1.4,-149.2584,60.934
4.3,-179.7255,-31.651
4.4,167.5175,-17.8077
1.17,-122.8088303,38.8330002
1.35,-122.8036667,38.8215
4.9,155.7967,49.4744
1.63,-110.305,39.4193333
1.22,-121.135,36.568
1.61,-110.3153333,39.4213333
1.4,-147.7428,63.5195
1.71,-110.3001667,39.4178333
2.2,-150.706,60.2577
1.18,-122.7645035,38.8219986
1.3,-149.6942,61.7964
3.28,-66.0946,18.3508
1.26,-117.5543333,35.6463333
1.06,-116.9478333,34.2311667
1.5,-149.9549,62.87
1.05,-89.5403333,36.3163333
1.3,-117.6395,37.3313
1.39,-66.9213333333333,17.9753333333333
2.14,-65.4273333333333,18.0388333333333
1.4,-150.6613,63.7198
2.13,-66.8551666666667,17.9311666666667
1.35,-122.8808333,38.7708333
5.5,-177.6706,-30.0922
1.6,-150.5116,63.0052
1.2,-144.4264,63.1557
2.53,-66.8125,17.9841666666667
2.72,-66.9548333333333,18.023
1.65,-155.501166666667,19.1785
1.17,-122.8043365,38.8288345
1.3,-147.3763,61.3528
1.02,-122.8246689,38.8084984
2.6,-163.4395,54.5319
1.6,-147.2498,61.0093
0.97,-122.8213348,38.8364983
1.7,-148.2773,63.8864
6.6,-177.771,-30.0581
1.9,-152.2325,62.1343
1.45,-123.234,39.349
2.7,-144.0075,66.4033
2.1,-110.455,44.2831667
1.04,-110.4501667,44.285
1.44,-118.6946667,35.1865
1.16,-122.7894974,38.821167
2,-118.2345,33.5918333
1.4,-152.738,59.9378
1.1,-118.5735,38.0764
1.29,-118.811,35.9463333
1.2,-153.2914,63.5375
3.15,-66.5701666666667,18.9415
5,-24.9371,-58.4725
1.75,-155.389495849609,19.2049999237061
1.4,-120.7951667,35.4896667
1.2,-119.5242,38.5138
0.96,-122.7659988,38.8226662
1.4,-150.789,61.6427
1.35,-121.3698333,36.695
2.42,-66.8165,17.9363333333333
2.11999989,-155.477828979492,19.1574993133545
2,-66.8168333333333,17.9336666666667
1.6,-152.1704,61.922
3.8,-147.2706,60.976
5,-173.584,-18.3624
2.06,-155.45182800293,19.191333770752
3.54,-66.6015,19.0548
5.2,69.7992,35.5553
1.55,-122.7645,38.8223333
1.33,-120.3576667,34.8271667
1.6,-151.0663,61.9803
1.14,-115.597,33.0501667
4.11,-66.6275,19.1213
1.03,-118.5961667,34.2436667
3.44,-112.2125,38.5848333
1.6,-152.0775,62.6481
1.07,-98.73516667,36.48383333
1.8,-117.9385,38.1603
1.3,-151.0313,61.6624
1.17,-117.6708333,35.9886667
1.2,-152.4927,59.5686
1.6,-110.3073333,39.4236667
1.4,-117.8229,38.1706
1.4,-150.994,61.6144
1.8,-143.646,60.741
4.5,130.0637,-6.2638
1.96,-66.7513333333333,17.9795
1.6,-151.9275,62.5845
1.99000001,-155.384170532227,19.1909999847412
1,-122.7983322,38.7983322
2.22000003,-155.397827148438,19.218334197998
5,171.989,-23.4094
1.62,-121.582,36.8488333
1.79,-110.2883333,39.4165
1.83,-66.9638333333333,17.9466666666667
1.45,-110.4445,44.276
1.69,-110.4571667,44.2835
1.33,-122.8035,38.7898333
1.3,-153.0819,59.7735
1.4,-147.4098,60.5127
4.9,139.0356,-3.3074
1.9,-147.3978,60.5265
4.3,-69.602,-18.5808
1.4,-147.5601,63.4932
1.1,-156.2067,67.3248
1.4,-151.2829,62.5573
1.9,-149.0623,61.9572
1.11,-120.6148333,36.0498333
1.19,-163.571333333333,54.6608333333333
2.01,-110.453,44.2766667
1.3,-146.5638,61.4627
1.92,-121.4276667,36.8331667
2.49,-155.408333333333,19.4863333333333
5.4,-19.7924,-0.461
1,-110.4558333,44.2818333
1.08,-117.7138333,34.1661667
2.4,-148.6068,62.3698
1.51,-155.422666666667,19.2268333333333
1.4,-152.7681,59.502
1.57,-110.303,39.4186667
1.11,-122.7915,38.8048333
1.4,-119.4863,38.5061
4.7,-76.3806,-14.2617
1.08,-97.2905,35.82666667
2.25,-66.9201666666667,18.0016666666667
1.51,-66.8941666666667,18.0426666666667
4.8,148.6145,43.9375
1.47,-155.392666666667,19.1795
1.23,-122.2536667,37.8795
2,-150.817,59.9587
1.11,-122.1163333,37.695
4.5,148.6581,43.8379
1.48,-110.4598333,44.2875
1.6,-150.8374,64.7301
1.5,-147.6376,63.6009
1.1,-149.8374,61.7326
2.28,-117.8248333,36.4448333
4.6,57.6004,28.2698
1.4,-149.255,61.8825
1.8,-151.7604,62.9926
2.22,178.352666666667,52.0356666666667
1.27,-166.859166666667,53.9113333333333
1.1,-150.1685,61.2379
1.04,-110.4525,44.2761667
2.3,-165.8085,54.4584
1.49,-110.299,39.4153333
1.48,-122.7616667,38.7883333
1.84,-122.7613333,38.7886667
1.79,-66.9053333333333,18.025
2.23,-110.4533333,44.2803333
2.07,-155.229666666667,18.8778333333333
3.38,-115.3621667,31.4233333
1.1,-67.1156666666667,17.9488333333333
2.83,178.356333333333,52.0323333333333
1.23,-110.4571667,44.2825
0.98,-117.4443333,35.6423333
1.38,-66.7651666666667,18.0578333333333
2.18,-155.395660400391,19.2334995269775
3.52,-64.9526,19.7256
1.6,-148.7666,64.0492
1.3,-123.20566666666667,47.338166666666666
1.26,-110.3158333,39.423
4.4,148.5291,44.0146
2.3,-152.2101,61.0328
1.57,-110.3008333,39.4168333
4.6,148.5687,43.8471
1.7,-117.7418,38.193
1.7,-117.7424,38.188
2.7,-146.852,61.2744
1.91,-110.3071667,39.4221667
2.00999999,-155.395660400391,19.2229995727539
4.8,95.7833,35.8151
1.33,-117.6768333,35.0495
2.03,-118.9871667,34.2835
1.95,-66.82,17.9256666666667
1.6,-147.4884,65.0058
1.8,-151.4246,60.7792
1.2,-151.1685,62.4556
1.42,-121.1355,36.5806667
5,144.2345,12.1862
0.97,-116.9986667,33.4181667
1.37,-122.8176667,38.8096667
4.3,148.7652,43.3612
1.5,-148.7121,62.3215
3.41,-67.276,19.1516666666667
1.7,-138.9328,59.3826
1.2,-118.1901667,34.996
1.5,-142.9867,60.3297
1.7,-97.197,35.98666667
2,-152.7659,59.4256
1.4,-140.1436,60.3523
5.2,174.1191,52.3501
1.44,-111.7331667,45.0801667
1.77,-114.9948333,33.0561667
1.11,-120.7326667,35.6105
